section,part
begin,A
begin,Ada
begin,Aki
begin,Al
begin,Ali
begin,Alo
begin,Ana
begin,Ani
begin,Ba
begin,Be
begin,Bo
begin,Bra
begin,Bro
begin,Cha
begin,Chi
begin,Da
begin,De
begin,Do
begin,Dra
begin,Dro
begin,Eki
begin,Eko
begin,Ele
begin,Eli
begin,Elo
begin,Er
begin,Ere
begin,Eri
begin,Ero
begin,Fa
begin,Fe
begin,Fi
begin,Fo
begin,Fra
begin,Gla
begin,Gro
begin,Ha
begin,He
begin,Hi
begin,Illia
begin,Ira
begin,Ja
begin,Jo
begin,Ka
begin,Ki
begin,Kra
begin,La
begin,Le
begin,Lo
begin,Ma
begin,Me
begin,Mi
begin,Mo
begin,Na
begin,Ne
begin,No
begin,O
begin,Ol
begin,Or
begin,Pa
begin,Pe
begin,Pi
begin,Po
begin,Pra
begin,Qua
begin,Qui
begin,Quo
begin,Ra
begin,Re
begin,Ro
begin,Sa
begin,Sca
begin,Sco
begin,Se
begin,Sha
begin,She
begin,Sho
begin,So
begin,Sta
begin,Ste
begin,Sti
begin,Stu
begin,Ta
begin,Tha
begin,The
begin,Tho
begin,Ti
begin,To
begin,Tra
begin,Tri
begin,Tru
begin,Ul
begin,Ur
begin,Va
begin,Vo
begin,Wra
begin,Xa
begin,Xi
begin,Zha
begin,Zho
middle,bb
middle,bl
middle,bold
middle,br
middle,bran
middle,can
middle,carr
middle,ch
middle,cinn
middle,ck
middle,ckl
middle,ckr
middle,cks
middle,dd
middle,dell
middle,dr
middle,ds
middle,fadd
middle,fall
middle,farr
middle,ff
middle,fill
middle,fl
middle,fr
middle,genn
middle,gg
middle,gl
middle,gord
middle,gr
middle,gs
middle,h
middle,hall
middle,hark
middle,hill
middle,hork
middle,jenn
middle,kell
middle,kill
middle,kk
middle,kl
middle,klip
middle,kr
middle,krack
middle,ladd
middle,land
middle,lark
middle,ld
middle,ldr
middle,lind
middle,ll
middle,ln
middle,lord
middle,ls
middle,matt
middle,mend
middle,mm
middle,ms
middle,nd
middle,nett
middle,ng
middle,nk
middle,nn
middle,nodd
middle,ns
middle,nt
middle,part
middle,pelt
middle,pl
middle,pp
middle,ppr
middle,pps
middle,rand
middle,rd
middle,resh
middle,rn
middle,rp
middle,rr
middle,rush
middle,salk
middle,sass
middle,sc
middle,sh
middle,sp
middle,ss
middle,st
middle,tall
middle,tend
middle,told
middle,v
middle,vall
middle,w
middle,wall
middle,wild
middle,will
middle,x
middle,y
middle,yang
middle,yell
middle,z
middle,zenn
end,a
end,ab
end,ac
end,ace
end,ach
end,ad
end,adle
end,af
end,ag
end,ah
end,ai
end,ak
end,aker
end,al
end,ale
end,am
end,an
end,and
end,ane
end,ar
end,ard
end,ark
end,art
end,ash
end,at
end,ath
end,ave
end,ea
end,eb
end,ec
end,ech
end,ed
end,ef
end,eh
end,ek
end,el
end,elle
end,elton
end,em
end,en
end,end
end,ent
end,enton
end,ep
end,er
end,esh
end,ess
end,ett
end,ic
end,ich
end,id
end,if
end,ik
end,il
end,im
end,in
end,ion
end,ir
end,is
end,ish
end,it
end,ith
end,ive
end,ob
end,och
end,od
end,odin
end,oe
end,of
end,oh
end,ol
end,olen
end,omir
end,or
end,orb
end,org
end,ort
end,os
end,osh
end,ot
end,oth
end,ottle
end,ove
end,ow
end,ox
end,ud
end,ule
end,umber
end,un
end,under
end,undle
end,unt
end,ur
end,us
end,ust
end,ut
